{
  "strikes": [
    80.0,
    85.0,
    90.0,
    95.0,
    100.0,
    105.0,
    110.0,
    115.0,
    120.0
  ],
  "true_prices": [
    23.689771408161462,
    19.57356839786449,
    15.75043379613912,
    12.286333216485112,
    9.242521061493782,
    6.6668020566555555,
    4.583971334592633,
    2.987819000474129,
    1.8380204116005778
  ],
  "observed_prices": [
    23.705007262149184,
    19.521569192552466,
    15.787956355929444,
    12.333361452304672,
    9.14496930206109,
    6.6016930813124395,
    4.590363354750997,
    2.97200687085695,
    1.8371803537253635
  ],
  "environment": {
    "spot": 100.0,
    "rate": 0.03,
    "tenor": 1.0
  },
  "true_params": {
    "kappa": 2.0,
    "theta": 0.04,
    "xi": 0.3,
    "rho": -0.7,
    "v0": 0.04
  },
  "noise_std": 0.05,
  "random_seed": 42
}